{"cameraMode":{"drawMode":0,"name":"Shaded","section":"Shading Mode"},"sceneLighting":true,"audioPlay":false,"sceneViewState":{"showFog":true,"showMaterialUpdate":false,"showSkybox":true,"showFlares":true,"showImageEffects":true,"showParticleSystems":true},"in2DMode":false,"pivot":{"x":1.6299996376037598,"y":-0.3165634870529175,"z":0.9699997901916504},"rotation":{"x":0.14943397045135499,"y":-0.007415459956973791,"z":0.0011205461341887713,"w":0.9887433052062988},"size":10.97515869140625,"orthographic":true}