{"cameraMode":{"drawMode":0,"name":"Shaded","section":"Shading Mode"},"sceneLighting":true,"audioPlay":false,"sceneViewState":{"showFog":true,"showMaterialUpdate":false,"showSkybox":true,"showFlares":true,"showImageEffects":true,"showParticleSystems":true},"in2DMode":false,"pivot":{"x":-7.450580596923828e-8,"y":4.044251918792725,"z":0.46577394008636477},"rotation":{"x":0.14184929430484773,"y":0.7358308434486389,"z":-0.16261588037014008,"w":0.6418628692626953},"size":25.13233757019043,"orthographic":true}