{"cameraMode":{"drawMode":0,"name":"Shaded","section":"Shading Mode"},"sceneLighting":true,"audioPlay":false,"sceneViewState":{"showFog":true,"showMaterialUpdate":false,"showSkybox":true,"showFlares":true,"showImageEffects":true,"showParticleSystems":true},"in2DMode":false,"pivot":{"x":-5.120927333831787,"y":14.429116249084473,"z":-24.61164665222168},"rotation":{"x":0.18189842998981477,"y":0.029494209215044977,"z":-0.00545863201841712,"w":0.98285973072052},"size":23.137258529663087,"orthographic":true}